username,author id,created,text,retwc,hashtag,followers,friends,polarity,subjectivity
Jay23 (M.Rajoy),1854497078,2018-02-19 23:07:09,"RT @hartigan_connor: ""Far-right demonstrations always end in violence in Spain...There is no point in pretending they don't...far-right dem...",37,None,42,580,0.0,0.0
xavi_peres,364849360,2018-02-19 23:06:56,"RT @catalanFF: Benjamin Marriner Pratt, a fireman from Augusta (USA) who supports the Catalan People that wants to decide what they want to...",1220,None,79,91,0.2,0.1
Karles Puigdemontüéó,873652852840857600,2018-02-19 23:06:36,"RT @hartigan_connor: ""Far-right demonstrations always end in violence in Spain...There is no point in pretending they don't...far-right dem...",37,None,186,175,0.0,0.0
Max,923091291801604096,2018-02-19 23:06:26,RT @AmblAlina: Most prosecuted Catalan politicians are out on bail. This bail is not small (25KEUR-150KEUR for each person). ANC and Omnium pay...,1,None,237,372,0.3125,0.45
Nihil Verum,838461973889236992,2018-02-19 23:06:20,@peterpanyaceite @GlobalC94086009 @RobertHMerriman @KerstiKaljulaid @KRLS @Bcnisnotcat_ They all apply. Can you be... https://t.co/OEzI2ehQZp,0,None,167,687,0.0,0.0
L‚Äôanarchia Verr√† üí£,749403942623207425,2018-02-19 23:06:02,LRT i remember reading something about Einstein visiting Catalonia before the Spanish Revolution and talking with C... https://t.co/rlITr40zzy,0,None,2533,735,0.0,0.0
TaiwanFree,48784000,2018-02-19 23:04:53,"10 years to reach crime court ! So  ineffective of Spanish legal system, no wonder Catalonia want independent!  https://t.co/JZjFnez6KU",0,None,5,13,0.06666666666666667,0.10833333333333334
Free wild Raven,1148494027,2018-02-19 23:04:50,"RT @Ross8992: ""The Speaker of the Catalan Parliament, Roger Torrent, has refused to meet with the Spanish government's representative in Ca...",26,None,141,232,0.0,0.0
Ana RS,856193292479979520,2018-02-19 23:03:57,Most prosecuted Catalan politicians are out on bail. This bail is not small (25KEUR-150KEUR for each person). ANC and O... https://t.co/KIVBPK84YS,1,None,148,79,0.3125,0.45
PauHR,88649673,2018-02-19 23:03:50,RT @CollectiuEmma: Operation #Catalonia: Spain's assault on democracy https://t.co/PvEX5cydQb,31,Catalonia,78,208,0.0,0.0
Pilar Merodio,2902707773,2018-02-19 23:03:49,"RT @lizcastro: Spain's democracy and EU credibility are at stake in Catalonia, says Swedish newspaper
https://t.co/MCjyqRPkoq",356,None,261,326,0.0,0.0
Dr. Yaacoub Hallak,49794620,2018-02-19 23:02:35,RT @YNHallak: Wonderful cities in #Spain - discover them now! https://t.co/z21uTehrfm  https://t.co/mdoX2q36kN https://t.co/8AW244lcoq,1,Spain,46996,47046,1.0,1.0
√àric Luna,363042398,2018-02-19 23:02:32,RT @CollectiuEmma: Operation #Catalonia: Spain's assault on democracy https://t.co/PvEX5cydQb,31,Catalonia,134,363,0.0,0.0
Kit Newton üéóÔ∏è,434268367,2018-02-19 23:02:12,@hartigan_connor Many UK proEU centrists (can't call them lefts) - see #FBPE - won't back Catalonia because their p... https://t.co/jHzl94rhAn,0,FBPE,760,833,0.25,0.25
AnRoVer77,934485731464175623,2018-02-19 23:01:59,RT @hartigan_connor: Catalonia is progressive and forward-looking. The Spanish state is deeply conservative and backward-looking. Given thi...,47,None,130,156,0.0,0.2
Llu√≠s,2593043199,2018-02-19 23:01:53,RT @CollectiuEmma: Operation #Catalonia: Spain's assault on democracy https://t.co/PvEX5cydQb,31,Catalonia,88,220,0.0,0.0
üéóÔ∏èLukanikos[[*]],473031560,2018-02-19 23:01:33,"RT @hartigan_connor: ""Far-right demonstrations always end in violence in Spain...There is no point in pretending they don't...far-right dem...",37,None,2151,2651,0.0,0.0
lticop,1560886328,2018-02-19 23:01:17,"RT @cdr_guindavols: RT @BoykoBorissov

Catalonia
A DEMOCRACY matter: We are European citizens and as such we demand our right to decide fre...",19,None,44,250,0.09523809523809523,0.3452380952380952
Karim,9228982,2018-02-19 23:01:14,RT @hartigan_connor: Catalonia is progressive and forward-looking. The Spanish state is deeply conservative and backward-looking. Given thi...,47,None,251,337,0.0,0.2
Jackie De Burca,23792669,2018-02-19 23:01:00,#Spain has some well kept #secrets- be one of the first in the know-see #gorgeous #Reus https://t.co/O4irTXx7JN https://t.co/FCmRpAeSRc,0,Spain,31474,27090,0.475,0.6166666666666667
Lluc,64154920,2018-02-19 23:00:47,"RT @hartigan_connor: ""Far-right demonstrations always end in violence in Spain...There is no point in pretending they don't...far-right dem...",37,None,200,508,0.0,0.0
Francesc Riverola,25488729,2018-02-19 23:00:34,"RT @Foreign_Cat: This is the truth about language immersion in #Catalonia 's schools. 
Don't let you be fooled about this, dear #friendsofC...",58,Catalonia,21640,273,0.0,0.0
Cristina,904068983174856706,2018-02-19 23:00:14,"RT @HedwigJanes: Important to know: Catalonia's Book Industry Is Small But Vibrant https://t.co/rHui03mBQn via @publisherswkly
 @Foreign_Cat",28,None,59,170,0.10555555555555556,0.5777777777777777
CT SEGRI√Ä SUDüéóÔ∏è,3328149022,2018-02-19 23:00:13,"RT @lizcastro: Spain's democracy and EU credibility are at stake in Catalonia, says Swedish newspaper
https://t.co/MCjyqRPkoq",356,None,434,715,0.0,0.0
Josep Pinyol  üéóÔ∏è‚Äè,293674769,2018-02-19 22:59:44,RT @hartigan_connor: Catalonia is progressive and forward-looking. The Spanish state is deeply conservative and backward-looking. Given thi...,47,None,268,1059,0.0,0.2
Germ√°nüéóRep√∫blica II*II,392218639,2018-02-19 22:59:41,"RT @jurgenvontopfer: Waving a flag? How dare you! That's #Rebellion 

#Catalonia #indyref2 #ValuesFirst
#HoldMyBeer

https://t.co/ifTXvgGZlI",120,Rebellion,331,409,0.0,0.0
Jackie De Burca,23792669,2018-02-19 22:59:36,A #foodie discovery in #Spain -a delicious drive &amp; boat trip meeting the #Mussel #Professor #firstwithhertz... https://t.co/OSOJmq5ziQ,0,foodie,31474,27090,1.0,1.0
FREE CATALONIA,449654830,2018-02-19 22:59:26,Operation Catalonia: Spain's assault on democracy https://t.co/pgMnmJ3sJF,0,None,262,237,0.0,0.0
FREE CATALONIA,449654830,2018-02-19 22:59:15,Operation Catalonia: Spain's assault on democracy https://t.co/J13qaHZ4xd,0,None,262,237,0.0,0.0
√àric Luna,363042398,2018-02-19 22:59:14,RT @hartigan_connor: Catalonia is progressive and forward-looking. The Spanish state is deeply conservative and backward-looking. Given thi...,47,None,134,363,0.0,0.2
NOAM CHOMSKY,776745292662185985,2018-02-19 22:58:52,"RT @hartigan_connor: ""Far-right demonstrations always end in violence in Spain...There is no point in pretending they don't...far-right dem...",37,None,452,1136,0.0,0.0
rosagpl44,300453261,2018-02-19 22:58:40,RT @denterd: NYTimes: #Catalonia's politician @AnnaGaSabate leaves for Switzerland days before court date to prepare her legal defense http...,50,Catalonia,613,1827,0.2,0.2
Llopineiv üéó,907317962058731522,2018-02-19 22:58:31,RT @hartigan_connor: Catalonia is progressive and forward-looking. The Spanish state is deeply conservative and backward-looking. Given thi...,47,None,166,240,0.0,0.2
Funk Me Barcelona,198837153,2018-02-19 22:58:25,"RT @SMarwickYes: ""If my mother tongue is shaking the foundations of your state, it probably means that you built your state on my land."" -...",391,None,20,46,0.0,0.0
Colin Males,257230487,2018-02-19 22:58:21,"RT @nytimesworld: RT @RaphaelMinder Adding another unexpected twist to the trial of Catalonia's pro-independence leaders, will Anna Gabriel...",13,None,604,2869,0.1,1.0
John Dooley üéó,262223469,2018-02-19 22:57:58,"RT @KarnaMikko: Four months. That is how long #EU has tolerated political prisoners in #Spain. I am ashamed of our union of ""peace and demo...",1201,EU,58,142,-0.025,0.25
Ras i curt (Reloaded),558926859,2018-02-19 22:57:56,RT @denterd: NYTimes: #Catalonia's politician @AnnaGaSabate leaves for Switzerland days before court date to prepare her legal defense http...,50,Catalonia,602,1012,0.2,0.2
Frederic üåüRep.Catüåü,3623790437,2018-02-19 22:57:27,RT @SiemonKlaus: Dear NYTimes! Please take notice. Violation of a Constitution is not a crime. A crime needs to violate a penal code. Spani...,496,None,1117,1646,0.0,0.0
FREE CATALONIA,449654830,2018-02-19 22:57:03,RT @rogerevansny: Operation Catalonia: Spain's assault on democracy https://t.co/oRMn7SfN6R,93,None,262,237,0.0,0.0
Pere C Riera,905128468844879872,2018-02-19 22:56:49,"RT @lizcastro: Spain's democracy and EU credibility are at stake in Catalonia, says Swedish newspaper
https://t.co/MCjyqRPkoq",356,None,55,175,0.0,0.0
Catalan Studies UoB,911304771361009665,2018-02-19 22:56:41,"RT @AngloCatSoc: Today marks #150years since the birth of #PompeuFabra (1868-1948), architect of the modern Catalan language https://t.co/X...",15,150years,117,286,0.2,0.3
Allenomura,556716394,2018-02-19 22:56:29,RT @hartigan_connor: Catalonia is progressive and forward-looking. The Spanish state is deeply conservative and backward-looking. Given thi...,47,None,224,682,0.0,0.2
üê±Antiespecista //*//,885806839,2018-02-19 22:56:29,"RT @valenciadesoca: Castello is no Castilian town, but was funded by James/Jaume I (a Catalan King by fathers' line, who issued Castello Ch...",5,None,836,984,0.0,0.0
Tacua,961041870779486208,2018-02-19 22:56:25,"RT @EmbTabUK: #lasilenciosacat #Tabarnia #Geronia
According to a report by the @bbva bank, #Catalonia will this year create ""35,000 fewer w...",12,lasilenciosacat,230,41,0.0,0.0
Josep M. Montaner üéó,968715276,2018-02-19 22:56:06,"@SenatorCarter @CarterCenter In 2010, the government of the Generalitat de Catalunya awarded President Carter of th... https://t.co/XBBVBg5Ju7",0,None,622,1005,0.0,0.0
N√∫ria pel S√≠,2831636140,2018-02-19 22:55:58,RT @denterd: NYTimes: #Catalonia's politician @AnnaGaSabate leaves for Switzerland days before court date to prepare her legal defense http...,50,Catalonia,599,716,0.2,0.2
evillaperongüéóÔ∏è,911542423968468993,2018-02-19 22:55:51,"RT @Anna_mnesia: And be aware: all  this is happening INSIDE of Europe!:

+ Arbitrary detention of politicians and public leaders of #Catal...",10,None,104,601,0.07083333333333333,0.3055555555555555
Francesc Ball√∫s,315900981,2018-02-19 22:55:23,Don't forget .... Catalonia's Independence Vote Descends Into Chaos and Clashes https://t.co/0MC1CHTeKI,0,None,47,224,0.0,0.0
ariadna,355707450,2018-02-19 22:55:13,RT @rogerevansny: Operation Catalonia: Spain's assault on democracy https://t.co/oRMn7SfN6R,93,None,135,247,0.0,0.0
Hosted Villas,25114612,2018-02-19 22:55:09,Escape the beaches and crowds of the Costa Brava and explore the unspoiled charm of #Catalonia's beautiful countrys... https://t.co/pT1xuhoUG4,0,Catalonia,1295,1094,0.85,1.0
Isabel Jubert,260443861,2018-02-19 22:54:37,RT @Foreign_Cat: How can you be so fooled? How can you believe it?  I've been living in #Catalonia for three years and I haven't found anyo...,16,Catalonia,215,632,0.0,0.0
Far away üéóÔ∏è,205204792,2018-02-19 22:54:34,RT @erikwill: More American voices are needed to speak up about what is happening in Catalonia. It is being covered in our press. More comm...,512,None,90,183,0.3333333333333333,0.3333333333333333
Aalfaaleph,923531051259121664,2018-02-19 22:54:20,"RT @hartigan_connor: ""Far-right demonstrations always end in violence in Spain...There is no point in pretending they don't...far-right dem...",37,None,661,993,0.0,0.0
Ana Frodo,1469968298,2018-02-19 22:54:15,"RT @catala_elna: A very good account of what is really happening in #Catalonia. What the Spanish media won't publish.
@spdde #SPD @Die_Grue...",1,Catalonia,172,363,0.36999999999999994,0.3266666666666667
Francesc Cruz Cueva,243269233,2018-02-19 22:54:07,RT @hartigan_connor: Catalonia is progressive and forward-looking. The Spanish state is deeply conservative and backward-looking. Given thi...,47,None,176,283,0.0,0.2
JohnDoeWinter,918969835219976192,2018-02-19 22:54:06,RT @hartigan_connor: Catalonia is progressive and forward-looking. The Spanish state is deeply conservative and backward-looking. Given thi...,47,None,150,219,0.0,0.2
Luna||*||,791812590942973952,2018-02-19 22:53:56,"RT @lizcastro: Spain's democracy and EU credibility are at stake in Catalonia, says Swedish newspaper
https://t.co/MCjyqRPkoq",356,None,338,551,0.0,0.0
News about Catalonia,953815659909181441,2018-02-19 22:53:50,"RT @Ross8992: ""The Speaker of the Catalan Parliament, Roger Torrent, has refused to meet with the Spanish government's representative in Ca...",26,None,3963,6,0.0,0.0
ross elsewhere,2749924740,2018-02-19 22:53:15,RT @KarnaMikko: Congratulations #Estonia for 100 years of independence next saturday! After your declaration you were independent for one d...,472,Estonia,346,146,0.0,0.0625
I9Nasi Prat üéó,266010794,2018-02-19 22:53:08,"RT @KarnaMikko: Only ""cowards"" and ""scoundrels"" in the case of #Catalonia sit in Madrid.  They are scared of democracy and willing to use f...",536,Catalonia,278,577,0.125,0.875
S√≠lviaMdezCahue,280140827,2018-02-19 22:52:42,RT @SiemonKlaus: Dear NYTimes! Please take notice. Violation of a Constitution is not a crime. A crime needs to violate a penal code. Spani...,496,None,465,2019,0.0,0.0
Angelina Llongueras,512665373,2018-02-19 22:52:41,"RT @KarnaMikko: Only ""cowards"" and ""scoundrels"" in the case of #Catalonia sit in Madrid.  They are scared of democracy and willing to use f...",536,Catalonia,559,1166,0.125,0.875
Activist Int'l,1000798291,2018-02-19 22:52:34,Good move sounds familiar to Spain's #Catalonia https://t.co/NYO0S6E2lO,0,Catalonia,1921,3881,0.5375,0.55
Maria Morlans,870594326417600513,2018-02-19 22:52:11,"RT @KarnaMikko: Only ""cowards"" and ""scoundrels"" in the case of #Catalonia sit in Madrid.  They are scared of democracy and willing to use f...",536,Catalonia,46,41,0.125,0.875
Julieta,235728746,2018-02-19 22:52:10,"RT @HedwigJanes: Important to know: Catalonia's Book Industry Is Small But Vibrant https://t.co/rHui03mBQn via @publisherswkly
 @Foreign_Cat",28,None,226,498,0.10555555555555556,0.5777777777777777
AleixüéóÔ∏è,2868575266,2018-02-19 22:51:16,"RT @KarnaMikko: How is it possible to charge #Catalonia's politicians for rebellion? Rebellion is a violent uprising, but #1oct referendum...",1646,Catalonia,134,537,-0.4,1.0
Ana Frodo,1469968298,2018-02-19 22:50:20,RT @nuriacoe: #Catalonia outrageous violations GG Catalan rights must not be left uncontradicted. Germany has historical responsibility for...,4,Catalonia,172,363,-0.3333333333333333,0.3333333333333333
FREE CATALONIA,449654830,2018-02-19 22:50:13,RT @SiemonKlaus: Dear NYTimes! Please take notice. Violation of a Constitution is not a crime. A crime needs to violate a penal code. Spani...,496,None,262,237,0.0,0.0
Evanovaüéó,118164283,2018-02-19 22:49:51,"RT @hartigan_connor: ""Far-right demonstrations always end in violence in Spain...There is no point in pretending they don't...far-right dem...",37,None,427,924,0.0,0.0
Bender,3347581667,2018-02-19 22:49:45,"RT @SMarwickYes: ""If my mother tongue is shaking the foundations of your state, it probably means that you built your state on my land."" -...",391,None,117,182,0.0,0.0
Jim Hagart,304927409,2018-02-19 22:49:43,"RT @lizcastro: Spain's democracy and EU credibility are at stake in Catalonia, says Swedish newspaper
https://t.co/MCjyqRPkoq",356,None,120,61,0.0,0.0
–ï–¥—É–∞—Ä–¥ –ì—É–∏—É üéó,720275259652329473,2018-02-19 22:49:36,RT @denterd: NYTimes: #Catalonia's politician @AnnaGaSabate leaves for Switzerland days before court date to prepare her legal defense http...,50,Catalonia,98,504,0.2,0.2
Jotabe,2901332758,2018-02-19 22:49:23,"RT @KarnaMikko: Only ""cowards"" and ""scoundrels"" in the case of #Catalonia sit in Madrid.  They are scared of democracy and willing to use f...",536,Catalonia,309,853,0.125,0.875
üéóüéóüéóJo qu√® s√© ja ü§îü§îü§î,931018591,2018-02-19 22:49:17,RT @denterd: NYTimes: #Catalonia's politician @AnnaGaSabate leaves for Switzerland days before court date to prepare her legal defense http...,50,Catalonia,452,968,0.2,0.2
Marta Sala,421089667,2018-02-19 22:49:12,"@glenn_hughes I can't my dear  I'm from Barcelona (Catalonia, Spain) 
Hopefully!! Please if you can, share a vid... https://t.co/Uvz62qgiut",0,None,478,700,0.0,0.0
Rosa Garcia üéóüéóüéóüéó,920379065617600512,2018-02-19 22:49:08,RT @hartigan_connor: Catalonia is progressive and forward-looking. The Spanish state is deeply conservative and backward-looking. Given thi...,47,None,652,1629,0.0,0.2
Angie Stone Wall,3514882757,2018-02-19 22:48:51,RT @hartigan_connor: Catalonia is progressive and forward-looking. The Spanish state is deeply conservative and backward-looking. Given thi...,47,None,109,205,0.0,0.2
Gareth Charles,364768317,2018-02-19 22:48:18,"RT @alunsaunders: Remember when we stood by and allowed the Spanish government to eradicate Catalan identity?

Well they're f***ing doing i...",38,None,5303,183,0.0,0.0
Mercator Network,23133615,2018-02-19 22:48:16,RT @EUROLANG: February 21st is #InternationalMotherLanguageDay and this year celebrates linguistic diversity and multilingualism as keyston...,24,InternationalMotherLanguageDay,1385,2363,0.05,0.05
elisa america,955988314225393664,2018-02-19 22:48:16,"RT @amnestydk: ""The ongoing pre-trial detention of Jordi Sanchez is an excessive and disproportionate restriction on his right to freedom o...",693,None,324,293,0.01785714285714285,0.7678571428571428
Sr. Lobo,191951756,2018-02-19 22:48:12,RT @hartigan_connor: Catalonia is progressive and forward-looking. The Spanish state is deeply conservative and backward-looking. Given thi...,47,None,493,244,0.0,0.2
Alexandre Sire üéó,182713137,2018-02-19 22:47:52,RT @hartigan_connor: Catalonia is progressive and forward-looking. The Spanish state is deeply conservative and backward-looking. Given thi...,47,None,229,291,0.0,0.2
Altimarta,927268595377287168,2018-02-19 22:47:44,"RT @KarnaMikko: Only ""cowards"" and ""scoundrels"" in the case of #Catalonia sit in Madrid.  They are scared of democracy and willing to use f...",536,Catalonia,128,826,0.125,0.875
Albert,1149791846,2018-02-19 22:47:39,"RT @XBescos: Jord Cuixart: ""I'm in prison for defending Catalonia's rights. Spain must free us immediately""
Jailed political leaders are ca...",2591,None,2437,3561,0.2,0.45
Rosa Garcia üéóüéóüéóüéó,920379065617600512,2018-02-19 22:47:22,"RT @hartigan_connor: ""Far-right demonstrations always end in violence in Spain...There is no point in pretending they don't...far-right dem...",37,None,652,1629,0.0,0.0
CeltiCRa6‚≠êÔ∏è-IARüçÄ,631167630,2018-02-19 22:46:44,"RT @KarnaMikko: Only ""cowards"" and ""scoundrels"" in the case of #Catalonia sit in Madrid.  They are scared of democracy and willing to use f...",536,Catalonia,5713,5083,0.125,0.875
Paspar√≠s „ÉÑ,13750312,2018-02-19 22:46:34,"RT @valenciadesoca: Castello is no Castilian town, but was funded by James/Jaume I (a Catalan King by fathers' line, who issued Castello Ch...",5,None,800,758,0.0,0.0
Javi Melench√≥n üéóÔ∏è,326703005,2018-02-19 22:46:28,RT @hartigan_connor: Catalonia is progressive and forward-looking. The Spanish state is deeply conservative and backward-looking. Given thi...,47,None,47,50,0.0,0.2
La Palo,747510427190444032,2018-02-19 22:46:27,"RT @PepRoig3: 'There are occasions when it pays better to fight and be beaten than not to fight at all'.
George Orwell, Homage to Catalonia...",2,None,138,196,0.5,0.5
News about Catalonia,953815659909181441,2018-02-19 22:46:26,RT @hartigan_connor: Catalonia is progressive and forward-looking. The Spanish state is deeply conservative and backward-looking. Given thi...,47,None,3963,6,0.0,0.2
Maia Val,4636485220,2018-02-19 22:46:24,RT @CollectiuEmma: Operation #Catalonia: Spain's assault on democracy https://t.co/PvEX5cydQb,31,Catalonia,130,59,0.0,0.0
GuardiesUrbans ||*||,2355001096,2018-02-19 22:46:07,"RT @hartigan_connor: ""Far-right demonstrations always end in violence in Spain...There is no point in pretending they don't...far-right dem...",37,None,7150,1103,0.0,0.0
Antoni I. Alomar,3304952338,2018-02-19 22:45:45,RT @hartigan_connor: Catalonia is progressive and forward-looking. The Spanish state is deeply conservative and backward-looking. Given thi...,47,None,88,174,0.0,0.2
Eudald Ylla Mart√≠ üéó,908325670094286848,2018-02-19 22:45:38,@hartigan_connor Nice sight ! Last week almost half Catalonia was under snow. Here you have an awesome white pictur... https://t.co/wQVVALYYCY,0,None,39,232,0.3166666666666667,0.44666666666666666
Montserrat üéó,912019416073764864,2018-02-19 22:45:35,RT @denterd: NYTimes: #Catalonia's politician @AnnaGaSabate leaves for Switzerland days before court date to prepare her legal defense http...,50,Catalonia,143,187,0.2,0.2
E pluribus unum #Tabarniaüá™üá∏üá∫üá∏üáÆüá±üá∑üá∏,911266702654083074,2018-02-19 22:45:19,"RT @GarciaCarmonaAM: Barcelona, March 4: Civic protest in defence of Tabarnia, against Catalan nationalist threat.

Seriously, Tabarnia has...",2,None,416,507,-0.3333333333333333,0.6666666666666666
Maureen alcorn#FBPE,744480047789146112,2018-02-19 22:45:15,RT @tfoale: @JuliaHB1 Over 3400 businesses have left Catalonia to stay in the EU after its indyref. The UK is going to lose many more. It's...,42,None,1256,1795,0.3333333333333333,0.3333333333333333
Carmen,3978185415,2018-02-19 22:44:59,"RT @lizcastro: Spain's democracy and EU credibility are at stake in Catalonia, says Swedish newspaper
https://t.co/MCjyqRPkoq",356,None,166,182,0.0,0.0
Carmen,3978185415,2018-02-19 22:44:53,"RT @KarnaMikko: Only ""cowards"" and ""scoundrels"" in the case of #Catalonia sit in Madrid.  They are scared of democracy and willing to use f...",536,Catalonia,166,182,0.125,0.875
News about Catalonia,953815659909181441,2018-02-19 22:44:52,"RT @HedwigJanes: Important to know: Catalonia's Book Industry Is Small But Vibrant https://t.co/rHui03mBQn via @publisherswkly
 @Foreign_Cat",28,None,3963,6,0.10555555555555556,0.5777777777777777
